0.705,0.535,0.18,1.685,0.693,0.42,0.4045
0.505,0.41,0.15,0.644,0.285,0.145,0.21
0.54,0.435,0.175,0.892,0.322,0.174,0.335
0.475,0.35,0.115,0.452,0.1715,0.092,0.155
0.51,0.39,0.105,0.612,0.187,0.15,0.195
0.56,0.465,0.16,1.0315,0.432,0.2025,0.337
0.64,0.505,0.175,1.3185,0.6185,0.302,0.3315
0.645,0.5,0.18,1.2785,0.5345,0.2995,0.345
0.71,0.565,0.195,1.7265,0.638,0.3365,0.565
0.37,0.295,0.1,0.2685,0.1165,0.056,0.0835
0.58,0.455,0.155,0.8365,0.315,0.1385,0.32
0.655,0.54,0.175,1.5585,0.7285,0.402,0.385
0.44,0.34,0.105,0.364,0.148,0.0805,0.1175
0.625,0.475,0.175,1.1435,0.4755,0.2475,0.349
0.715,0.525,0.185,1.56,0.6655,0.383,0.405
0.43,0.325,0.12,0.445,0.165,0.0995,0.155
0.58,0.475,0.155,0.974,0.4305,0.23,0.285
0.615,0.47,0.155,1.084,0.5885,0.209,0.246
0.495,0.385,0.135,0.6625,0.3005,0.1635,0.185
0.47,0.36,0.1,0.4705,0.1635,0.089,0.1385
0.65,0.535,0.175,1.2895,0.6095,0.2765,0.344
0.475,0.39,0.12,0.5305,0.2135,0.1155,0.17
0.49,0.39,0.135,0.59,0.215,0.125,0.1845
0.64,0.5,0.17,1.5175,0.693,0.326,0.409
0.595,0.475,0.17,1.247,0.48,0.225,0.425
0.6,0.465,0.16,1.133,0.466,0.2885,0.298
0.525,0.4,0.135,0.714,0.318,0.138,0.208
0.57,0.47,0.14,0.871,0.385,0.211,0.2315
0.665,0.535,0.19,1.496,0.5775,0.2815,0.475
0.605,0.485,0.16,1.222,0.53,0.2575,0.28
0.45,0.36,0.105,0.4715,0.2035,0.0935,0.149
0.515,0.395,0.14,0.686,0.281,0.1255,0.22
0.585,0.475,0.165,1.053,0.458,0.217,0.3
0.58,0.46,0.175,1.165,0.65,0.2205,0.3055
0.455,0.365,0.11,0.385,0.166,0.046,0.1345
0.65,0.49,0.155,1.122,0.545,0.228,0.3055
0.56,0.41,0.16,0.8215,0.342,0.184,0.253
0.395,0.3,0.105,0.3375,0.1435,0.0755,0.098
0.58,0.43,0.17,1.48,0.6535,0.324,0.4155
0.435,0.395,0.105,0.3635,0.136,0.098,0.13
0.66,0.53,0.185,1.3485,0.493,0.245,0.49
0.5,0.395,0.14,0.7155,0.3165,0.176,0.24
0.525,0.44,0.125,0.7115,0.3205,0.159,0.1915
0.575,0.42,0.135,0.857,0.461,0.147,0.2125
0.425,0.345,0.11,0.3665,0.125,0.081,0.117
0.55,0.41,0.145,0.8285,0.3095,0.1905,0.25
0.475,0.38,0.14,0.689,0.3165,0.1315,0.1955
0.505,0.41,0.135,0.657,0.291,0.133,0.195
0.615,0.495,0.155,1.0805,0.52,0.19,0.32
0.625,0.445,0.16,1.09,0.46,0.2965,0.304
0.64,0.52,0.175,1.248,0.4245,0.2595,0.48
0.46,0.35,0.115,0.46,0.2025,0.1115,0.1165
0.66,0.5,0.165,1.1905,0.4585,0.298,0.37
0.5,0.395,0.15,0.7145,0.3235,0.173,0.195
0.59,0.475,0.16,1.1015,0.4775,0.2555,0.295
0.585,0.485,0.15,1.079,0.4145,0.2115,0.356
0.4,0.335,0.115,0.4335,0.2105,0.1205,0.12
0.62,0.5,0.175,1.146,0.477,0.23,0.39
0.61,0.48,0.175,1.0675,0.391,0.216,0.42
0.47,0.35,0.115,0.487,0.1955,0.127,0.155
0.425,0.35,0.1,0.4425,0.175,0.0755,0.175
0.605,0.495,0.17,1.0915,0.4365,0.2715,0.335
0.64,0.485,0.185,1.4195,0.6735,0.3465,0.3255
0.52,0.4,0.125,0.6865,0.295,0.1715,0.185
0.51,0.385,0.135,0.632,0.282,0.145,0.17
0.6,0.45,0.14,0.837,0.37,0.177,0.2425
0.38,0.32,0.115,0.6475,0.323,0.1325,0.164
0.525,0.415,0.14,0.724,0.3475,0.173,0.175
0.56,0.455,0.125,0.943,0.344,0.129,0.375
0.645,0.505,0.165,1.318,0.55,0.3015,0.335
0.595,0.44,0.135,0.964,0.5005,0.1715,0.2575
0.485,0.38,0.15,0.605,0.2155,0.14,0.18
0.615,0.475,0.155,1.004,0.4475,0.193,0.2895
0.305,0.225,0.07,0.1485,0.0585,0.0335,0.045
0.64,0.505,0.165,1.2235,0.5215,0.2695,0.36
0.73,0.56,0.19,1.9425,0.799,0.5195,0.5655
0.655,0.5,0.205,1.528,0.6215,0.3725,0.4535
0.565,0.455,0.15,0.8205,0.365,0.159,0.26
0.715,0.585,0.23,2.0725,0.8655,0.4095,0.565
0.565,0.45,0.165,0.9765,0.322,0.244,0.37
0.62,0.51,0.18,1.3315,0.594,0.276,0.388
0.635,0.49,0.17,1.2615,0.5385,0.2665,0.38
0.515,0.425,0.14,0.766,0.304,0.1725,0.255
0.65,0.5,0.19,1.464,0.6415,0.339,0.4245
0.635,0.505,0.145,1.1345,0.505,0.2655,0.315
0.58,0.435,0.14,0.953,0.475,0.2165,0.2095
0.325,0.26,0.09,0.1915,0.085,0.036,0.062
0.6,0.47,0.2,1.031,0.392,0.2035,0.29
0.6,0.475,0.18,1.162,0.511,0.2675,0.32
0.63,0.5,0.17,1.3135,0.5595,0.267,0.4
0.57,0.44,0.125,0.865,0.3675,0.1725,0.27
0.675,0.57,0.225,1.587,0.739,0.2995,0.435
0.625,0.525,0.215,1.5765,0.5115,0.2595,0.665
0.62,0.485,0.165,1.166,0.483,0.238,0.355
0.635,0.49,0.175,1.2435,0.5805,0.313,0.305
0.48,0.405,0.13,0.6375,0.277,0.1445,0.21
0.585,0.415,0.155,0.6985,0.3,0.146,0.195
0.5,0.375,0.115,0.5945,0.185,0.148,0.19
0.65,0.505,0.175,1.2075,0.5105,0.262,0.39
0.675,0.55,0.18,1.6885,0.562,0.3705,0.6
0.65,0.52,0.195,1.281,0.5985,0.246,0.3825
0.525,0.415,0.15,0.7155,0.2355,0.171,0.27
0.58,0.475,0.135,0.925,0.391,0.165,0.275
0.655,0.505,0.195,1.4405,0.688,0.3805,0.363
0.53,0.425,0.15,0.8495,0.328,0.232,0.202
0.52,0.41,0.125,0.6985,0.2945,0.1625,0.215
0.705,0.55,0.17,1.219,0.6395,0.236,0.301
0.64,0.475,0.19,1.151,0.4365,0.281,0.3805
0.61,0.475,0.15,1.1135,0.5195,0.2575,0.3005
0.52,0.375,0.135,0.5375,0.221,0.117,0.17
0.635,0.485,0.165,1.2695,0.5635,0.3065,0.3395
0.33,0.26,0.08,0.2,0.0625,0.05,0.07
0.625,0.49,0.11,1.136,0.5265,0.1915,0.2925
0.75,0.615,0.205,2.2635,0.821,0.423,0.726
0.585,0.475,0.185,0.8575,0.3465,0.1785,0.275
0.385,0.315,0.11,0.286,0.1225,0.0635,0.0835
0.585,0.455,0.13,0.8755,0.411,0.2065,0.225
0.55,0.445,0.155,0.9905,0.544,0.178,0.218
0.59,0.455,0.15,0.976,0.465,0.2055,0.2765
0.57,0.45,0.175,0.9555,0.38,0.1665,0.295
0.65,0.5,0.165,1.1445,0.485,0.218,0.365
0.645,0.52,0.18,1.285,0.5775,0.352,0.317
0.47,0.36,0.145,0.537,0.1725,0.1375,0.195
0.675,0.53,0.175,1.4465,0.6775,0.33,0.389
0.625,0.515,0.18,1.3485,0.5255,0.252,0.3925
0.57,0.445,0.155,0.733,0.282,0.159,0.235
0.51,0.4,0.12,0.7005,0.347,0.1105,0.195
0.59,0.465,0.15,0.997,0.392,0.246,0.34
0.58,0.445,0.135,0.95,0.484,0.182,0.2325
0.55,0.43,0.125,0.923,0.4035,0.175,0.283
0.58,0.44,0.18,0.854,0.3665,0.1635,0.245
0.605,0.465,0.155,1.1,0.547,0.2665,0.2585
0.685,0.565,0.175,1.638,0.7775,0.375,0.438
0.605,0.495,0.19,1.437,0.469,0.2655,0.41
0.615,0.48,0.165,1.1615,0.513,0.301,0.305
0.66,0.565,0.195,1.7605,0.692,0.3265,0.5
0.56,0.455,0.16,0.967,0.4525,0.207,0.274
0.34,0.255,0.085,0.204,0.097,0.021,0.05
0.625,0.515,0.155,1.1635,0.4875,0.259,0.355
0.57,0.455,0.15,1.107,0.54,0.255,0.27
0.46,0.36,0.115,0.4755,0.2105,0.105,0.16
0.67,0.53,0.225,1.5615,0.63,0.487,0.3725
0.585,0.45,0.15,0.938,0.467,0.203,0.225
0.49,0.36,0.11,0.5005,0.161,0.107,0.195
0.625,0.485,0.2,1.38,0.5845,0.302,0.401
0.525,0.42,0.16,0.756,0.2745,0.173,0.275
0.545,0.43,0.14,0.832,0.4355,0.17,0.201
0.515,0.39,0.13,0.5755,0.1975,0.13,0.1845
0.73,0.555,0.18,1.6895,0.6555,0.1965,0.4935
0.575,0.48,0.17,1.1,0.506,0.2485,0.31
0.62,0.48,0.17,1.1045,0.535,0.25,0.287
0.515,0.415,0.14,0.6935,0.3115,0.152,0.2
0.555,0.43,0.14,0.7545,0.3525,0.1835,0.2015
0.625,0.475,0.16,1.3335,0.605,0.2875,0.319
0.605,0.47,0.155,0.974,0.393,0.224,0.3345
0.515,0.395,0.135,0.516,0.2015,0.132,0.162
0.735,0.565,0.205,2.1275,0.949,0.46,0.565
0.58,0.445,0.145,0.888,0.41,0.1815,0.2425
0.64,0.48,0.195,1.1435,0.4915,0.2345,0.353
0.475,0.35,0.115,0.487,0.194,0.1455,0.125
0.445,0.325,0.125,0.455,0.1785,0.1125,0.14
0.58,0.46,0.15,1.1155,0.5575,0.2255,0.29
0.53,0.455,0.165,0.9805,0.3155,0.2815,0.2965
0.505,0.375,0.115,0.5895,0.2635,0.12,0.167
0.54,0.415,0.15,0.8115,0.3875,0.1875,0.2035
0.485,0.365,0.12,0.5885,0.27,0.131,0.175
0.625,0.47,0.145,0.984,0.475,0.2,0.265
0.56,0.435,0.15,0.8715,0.4755,0.1835,0.1835
0.605,0.515,0.17,1.289,0.6,0.2945,0.3315
0.6,0.465,0.155,1.04,0.4755,0.25,0.28
0.67,0.53,0.205,1.4015,0.643,0.2465,0.416
0.595,0.47,0.25,1.283,0.462,0.2475,0.445
0.565,0.45,0.145,0.8495,0.4215,0.1685,0.225
0.475,0.365,0.115,0.566,0.281,0.117,0.1335
0.52,0.41,0.115,0.807,0.2855,0.179,0.235
0.69,0.54,0.195,1.2525,0.73,0.3975,0.462
0.66,0.515,0.18,1.523,0.54,0.3365,0.555
0.495,0.37,0.12,0.594,0.28,0.11,0.1375
0.63,0.515,0.16,1.336,0.553,0.3205,0.35
0.58,0.44,0.175,1.073,0.4005,0.2345,0.335
0.45,0.325,0.135,0.438,0.1805,0.1165,0.11
0.525,0.415,0.15,0.7055,0.329,0.147,0.199
0.645,0.5,0.15,1.159,0.4675,0.3355,0.31
0.645,0.55,0.175,1.2915,0.57,0.3045,0.33
0.605,0.46,0.17,1.122,0.347,0.3045,0.315
0.665,0.53,0.185,1.3955,0.456,0.3205,0.49
0.565,0.45,0.185,0.9285,0.302,0.1805,0.265
0.55,0.43,0.155,0.785,0.289,0.227,0.233
0.615,0.475,0.175,1.194,0.559,0.259,0.3165
0.72,0.58,0.195,2.103,1.0265,0.48,0.5375
0.53,0.395,0.115,0.5685,0.249,0.1375,0.161
0.615,0.515,0.135,1.1215,0.545,0.2305,0.29
0.5,0.4,0.145,0.63,0.234,0.1465,0.23
0.495,0.385,0.13,0.6905,0.3125,0.179,0.175
0.585,0.465,0.165,0.9355,0.4035,0.2275,0.259
0.665,0.515,0.18,1.389,0.5945,0.324,0.395
0.655,0.51,0.15,1.043,0.4795,0.223,0.305
0.615,0.5,0.165,1.327,0.6,0.3015,0.355
0.695,0.53,0.2,2.0475,0.75,0.4195,0.6095
0.55,0.44,0.155,0.946,0.313,0.1825,0.335
0.66,0.52,0.2,1.676,0.673,0.4805,0.45
0.68,0.55,0.175,1.473,0.713,0.282,0.4295
0.52,0.41,0.16,0.712,0.2845,0.153,0.225
0.69,0.53,0.17,1.5535,0.7945,0.3485,0.3695
0.45,0.38,0.165,0.8165,0.25,0.1915,0.265
0.635,0.485,0.165,1.2945,0.668,0.2605,0.2715
0.485,0.37,0.115,0.4785,0.1995,0.0955,0.129
0.405,0.325,0.11,0.3555,0.151,0.063,0.117
0.53,0.42,0.17,0.828,0.41,0.208,0.1505
0.615,0.5,0.165,1.1765,0.488,0.244,0.345
0.57,0.465,0.155,0.9685,0.446,0.261,0.255
0.71,0.555,0.17,1.47,0.5375,0.38,0.431
0.525,0.41,0.115,0.7745,0.416,0.163,0.18
0.595,0.465,0.15,1.0765,0.491,0.22,0.287
0.685,0.54,0.16,1.6675,0.833,0.3775,0.475
0.645,0.51,0.18,1.6195,0.7815,0.322,0.4675
0.46,0.365,0.125,0.4785,0.206,0.1045,0.141
0.75,0.565,0.215,1.938,0.7735,0.4825,0.575
0.57,0.45,0.17,1.098,0.414,0.187,0.405
0.78,0.63,0.215,2.657,1.488,0.4985,0.586
0.605,0.475,0.165,1.056,0.433,0.2195,0.357
0.655,0.51,0.175,1.6525,0.8515,0.3365,0.403
0.6,0.46,0.15,1.235,0.6025,0.274,0.29
0.45,0.35,0.125,0.4435,0.185,0.09,0.145
0.64,0.51,0.165,1.486,0.7595,0.332,0.321
0.635,0.505,0.165,1.251,0.577,0.227,0.3825
0.595,0.465,0.14,1.113,0.5175,0.244,0.305
0.59,0.415,0.15,0.8805,0.3645,0.234,0.235
0.63,0.48,0.16,1.199,0.5265,0.335,0.315
0.4,0.325,0.12,0.3185,0.134,0.0565,0.095
0.66,0.505,0.19,1.4045,0.6255,0.3375,0.3745
0.705,0.57,0.18,1.5345,0.96,0.4195,0.43
0.505,0.425,0.14,0.85,0.275,0.1625,0.285
0.545,0.385,0.15,1.1185,0.5425,0.2445,0.2845
0.45,0.35,0.145,0.5425,0.1765,0.123,0.175
0.61,0.43,0.14,0.909,0.438,0.2,0.22
0.66,0.53,0.17,1.431,0.622,0.309,0.398
0.66,0.5,0.155,1.3765,0.6485,0.288,0.335
0.595,0.495,0.235,1.366,0.5065,0.219,0.52
0.68,0.56,0.195,1.7775,0.861,0.322,0.415
0.59,0.455,0.145,1.063,0.5155,0.2445,0.25
0.645,0.525,0.19,1.8085,0.7035,0.3885,0.395
0.61,0.47,0.145,1.153,0.403,0.296,0.32
0.385,0.305,0.125,0.314,0.146,0.0555,0.08
0.67,0.525,0.195,1.37,0.6065,0.2955,0.407
0.65,0.525,0.175,1.4225,0.61,0.2995,0.445
0.55,0.415,0.135,0.775,0.302,0.179,0.26
0.65,0.51,0.155,1.189,0.483,0.278,0.3645
0.62,0.48,0.18,1.2215,0.582,0.2695,0.313
0.685,0.545,0.18,1.768,0.7495,0.392,0.485
0.53,0.405,0.13,0.6355,0.2635,0.1565,0.185
0.47,0.36,0.11,0.4965,0.237,0.127,0.13
0.41,0.32,0.115,0.387,0.165,0.1005,0.0985
0.7,0.545,0.13,1.556,0.6725,0.374,0.195
0.48,0.385,0.135,0.536,0.1895,0.142,0.173
0.62,0.505,0.16,1.3725,0.6285,0.275,0.3685
0.67,0.51,0.155,1.278,0.5605,0.3045,0.358
0.625,0.49,0.2,1.3825,0.5895,0.285,0.381
0.625,0.5,0.16,1.217,0.5725,0.207,0.355
0.65,0.495,0.155,1.337,0.615,0.3195,0.335
0.55,0.465,0.18,1.2125,0.3245,0.205,0.525
0.605,0.48,0.14,0.991,0.4735,0.2345,0.24
0.57,0.44,0.19,1.018,0.447,0.207,0.265
0.585,0.435,0.14,0.6955,0.3085,0.129,0.2245
0.655,0.505,0.19,1.3485,0.5935,0.2745,0.425
0.655,0.53,0.165,1.2835,0.583,0.1255,0.4
0.52,0.425,0.145,0.7,0.207,0.1905,0.24
0.515,0.4,0.115,0.578,0.191,0.1445,0.17
0.615,0.46,0.15,1.0265,0.4935,0.201,0.2745
0.63,0.475,0.15,1.172,0.536,0.254,0.316
0.515,0.415,0.13,0.764,0.276,0.196,0.25
0.61,0.485,0.165,1.087,0.4255,0.232,0.38
0.545,0.445,0.15,0.8,0.3535,0.163,0.207
0.705,0.56,0.205,2.381,0.9915,0.5005,0.624
0.555,0.44,0.14,0.846,0.346,0.1715,0.2735
0.615,0.5,0.175,1.377,0.5585,0.33,0.292
0.575,0.45,0.12,0.9585,0.447,0.169,0.275
0.635,0.505,0.185,1.3035,0.501,0.295,0.41
0.645,0.5,0.2,1.4285,0.639,0.305,0.36
0.525,0.405,0.115,0.72,0.3105,0.1915,0.2
0.595,0.465,0.15,0.98,0.4115,0.196,0.2255
0.57,0.465,0.18,1.295,0.339,0.2225,0.44
0.4,0.32,0.11,0.353,0.1405,0.0985,0.1
0.47,0.355,0.14,0.433,0.1525,0.095,0.152
0.55,0.425,0.14,0.952,0.4895,0.1945,0.2185
0.545,0.405,0.175,0.98,0.2585,0.207,0.38
0.61,0.495,0.185,1.153,0.536,0.2905,0.245
0.54,0.42,0.14,0.805,0.369,0.1725,0.21
0.49,0.4,0.115,0.569,0.256,0.1325,0.145
0.575,0.48,0.15,0.897,0.4235,0.1905,0.248
0.62,0.5,0.15,1.293,0.596,0.3135,0.354
0.575,0.46,0.165,0.9575,0.4815,0.1945,0.236
0.635,0.495,0.175,1.2355,0.5205,0.3085,0.347
0.725,0.57,0.205,1.6195,0.744,0.315,0.488
0.55,0.44,0.15,0.8945,0.3145,0.151,0.32
0.45,0.36,0.125,0.4995,0.2035,0.1,0.17
0.6,0.475,0.18,1.1805,0.4345,0.2475,0.425
0.595,0.465,0.145,0.7955,0.3425,0.1795,0.2425
0.73,0.57,0.165,2.0165,1.0685,0.418,0.435
0.685,0.53,0.17,1.5105,0.7385,0.3525,0.3725
0.675,0.525,0.17,1.711,0.8365,0.352,0.475
0.66,0.475,0.18,1.3695,0.641,0.294,0.335
0.675,0.535,0.185,1.5575,0.7035,0.402,0.4
0.65,0.545,0.175,1.5245,0.59,0.326,0.495
0.575,0.465,0.14,0.958,0.442,0.1815,0.2705
0.705,0.555,0.2,1.4685,0.4715,0.3235,0.52
0.6,0.475,0.155,1.21,0.653,0.1695,0.3205
0.455,0.355,1.13,0.594,0.332,0.116,0.1335
0.375,0.27,0.135,0.597,0.272,0.131,0.1675
0.535,0.405,0.145,0.6845,0.2725,0.171,0.205
0.5,0.37,0.135,0.45,0.1715,0.1055,0.155
0.54,0.42,0.145,0.8655,0.4315,0.163,0.2175
0.62,0.5,0.17,1.148,0.5475,0.22,0.3315
0.6,0.46,0.145,0.9325,0.3985,0.2245,0.248
0.605,0.455,0.145,0.862,0.334,0.1985,0.3
0.65,0.495,0.175,1.227,0.528,0.258,0.37
0.535,0.41,0.13,0.7145,0.335,0.144,0.2075
0.755,0.575,0.2,2.073,1.0135,0.4655,0.48
0.65,0.59,0.22,1.662,0.77,0.378,0.435
0.64,0.48,0.145,1.1145,0.508,0.24,0.34
0.655,0.525,0.19,1.3595,0.564,0.3215,0.3985
0.61,0.475,0.14,1.133,0.5275,0.2355,0.35
0.61,0.485,0.17,1.1005,0.5125,0.229,0.305
0.54,0.385,0.14,0.7655,0.3265,0.116,0.2365
0.45,0.345,0.115,0.496,0.1905,0.117,0.14
0.645,0.51,0.16,1.2415,0.5815,0.276,0.315
0.565,0.45,0.135,0.9885,0.387,0.1495,0.31
0.69,0.55,0.18,1.659,0.8715,0.2655,0.4395
0.575,0.46,0.19,0.994,0.392,0.2425,0.34
0.72,0.575,0.17,1.9335,0.913,0.389,0.51
0.46,0.355,0.13,0.458,0.192,0.1055,0.13
0.58,0.45,0.185,0.9955,0.3945,0.272,0.285
0.61,0.495,0.16,1.089,0.469,0.198,0.384
0.7,0.56,0.175,1.6605,0.8605,0.3275,0.398
0.505,0.39,0.16,0.644,0.2475,0.2025,0.1635
0.71,0.54,0.205,1.5805,0.802,0.287,0.435
0.68,0.55,0.19,1.807,0.8225,0.3655,0.515
0.55,0.415,0.18,1.1655,0.502,0.301,0.311
0.58,0.45,0.17,0.9705,0.4615,0.232,0.248
0.655,0.505,0.175,1.2905,0.6205,0.2965,0.326
0.72,0.575,0.215,2.226,0.8955,0.405,0.62
0.5,0.4,0.165,0.7105,0.27,0.1455,0.225
0.595,0.5,0.18,1.053,0.4405,0.192,0.39
0.65,0.545,0.185,1.5055,0.6565,0.341,0.43
0.585,0.45,0.145,0.9835,0.4845,0.242,0.22
0.675,0.555,0.205,1.925,0.713,0.358,0.4535
0.45,0.36,0.11,0.447,0.203,0.082,0.13
0.61,0.495,0.19,1.213,0.464,0.306,0.365
0.575,0.485,0.165,1.0405,0.419,0.264,0.3
0.585,0.455,0.17,0.9945,0.4255,0.263,0.2845
0.395,0.315,0.105,0.3515,0.1185,0.091,0.1195
0.68,0.51,0.2,1.6075,0.714,0.339,0.4705
0.625,0.48,0.17,1.3525,0.6235,0.278,0.365
0.55,0.43,0.14,0.7135,0.2565,0.186,0.225
0.61,0.49,0.17,1.137,0.4605,0.2825,0.344
0.37,0.275,0.08,0.227,0.093,0.0625,0.07
0.545,0.425,0.125,0.768,0.294,0.1495,0.26
0.47,0.355,0.1,0.4755,0.1675,0.0805,0.185
0.645,0.505,0.165,1.4325,0.684,0.308,0.336
0.545,0.44,0.135,0.9185,0.429,0.2015,0.2375
0.565,0.45,0.175,1.2365,0.5305,0.2455,0.308
0.655,0.52,0.175,1.472,0.6275,0.27,0.45
0.625,0.52,0.18,1.354,0.4845,0.351,0.375
0.52,0.425,0.15,0.813,0.385,0.2015,0.23
0.695,0.55,0.16,1.6365,0.694,0.3005,0.44
0.44,0.355,0.115,0.415,0.1585,0.0925,0.131
0.7,0.54,0.215,1.978,0.6675,0.3125,0.71
0.52,0.415,0.145,0.8045,0.3325,0.1725,0.285
0.565,0.44,0.16,0.915,0.354,0.1935,0.32
0.57,0.425,0.13,0.782,0.3695,0.1745,0.1965
0.645,0.525,0.17,1.37,0.6135,0.283,0.34
0.44,0.34,0.135,0.3975,0.1505,0.0945,0.135
0.59,0.47,0.17,0.9,0.355,0.1905,0.25
0.595,0.465,0.145,1.107,0.402,0.2415,0.31
0.58,0.5,0.165,0.925,0.37,0.185,0.3005
0.58,0.45,0.195,0.8265,0.4035,0.173,0.225
0.62,0.5,0.175,1.107,0.4895,0.24,0.343
0.71,0.5,0.15,1.3165,0.6835,0.2815,0.28
0.58,0.45,0.145,1.137,0.5585,0.22,0.29
0.64,0.5,0.17,1.2645,0.565,0.3375,0.315
0.44,0.33,0.115,0.4005,0.143,0.113,0.12
0.415,0.34,0.13,0.3675,0.146,0.0885,0.12
0.505,0.4,0.125,0.583,0.246,0.13,0.175
0.465,0.35,0.125,0.482,0.23,0.106,0.1095
0.51,0.39,0.135,0.6335,0.231,0.179,0.2
0.635,0.505,0.17,1.415,0.605,0.297,0.365
0.64,0.485,0.145,1.1335,0.5525,0.2505,0.3015
0.44,0.35,0.125,0.4035,0.175,0.063,0.129
0.5,0.38,0.14,0.6355,0.277,0.143,0.1785
0.375,0.29,0.115,0.2705,0.093,0.066,0.0885
0.565,0.505,0.21,1.2765,0.501,0.279,0.355
0.595,0.48,0.2,0.975,0.358,0.2035,0.34
0.665,0.515,0.185,1.3405,0.5595,0.293,0.4375
0.65,0.545,0.23,1.752,0.5605,0.2895,0.815
0.61,0.47,0.16,1.017,0.426,0.2255,0.32
0.545,0.43,0.165,0.802,0.2935,0.183,0.28
0.525,0.41,0.135,0.7905,0.4065,0.198,0.177
0.62,0.48,0.175,1.0405,0.464,0.2225,0.3
0.58,0.45,0.235,1.071,0.3,0.206,0.395
0.55,0.47,0.15,0.897,0.377,0.184,0.29
0.585,0.47,0.17,1.099,0.3975,0.2325,0.358
0.725,0.6,0.2,1.737,0.697,0.3585,0.595
0.58,0.435,0.15,0.839,0.3485,0.207,0.192
0.69,0.525,0.19,1.492,0.6425,0.3905,0.42
0.645,0.52,0.21,1.5535,0.616,0.3655,0.474
0.565,0.445,0.155,0.826,0.341,0.2055,0.2475
0.49,0.365,0.145,0.6345,0.1995,0.1625,0.22
0.375,0.29,0.08,0.282,0.1405,0.0725,0.08
0.655,0.51,0.155,1.2895,0.5345,0.2855,0.41
0.52,0.405,0.125,0.6435,0.2415,0.1735,0.21
0.605,0.49,0.15,1.1345,0.5265,0.2645,0.295
0.61,0.485,0.18,1.2795,0.5735,0.2855,0.355
0.545,0.43,0.16,0.844,0.3945,0.1855,0.231
0.55,0.465,0.15,1.082,0.3575,0.194,0.19
0.67,0.55,0.19,1.3905,0.5425,0.3035,0.4
0.46,0.38,0.13,0.639,0.3,0.1525,0.16
0.69,0.545,0.205,1.933,0.7855,0.429,0.498
0.655,0.515,0.2,1.494,0.7255,0.309,0.405
0.455,0.35,0.14,0.5185,0.221,0.1265,0.135
0.625,0.485,0.135,1.3025,0.61,0.2675,0.3605
0.525,0.4,0.115,0.6295,0.2555,0.144,0.18
0.7,0.535,0.175,1.773,0.6805,0.48,0.512
0.6,0.485,0.145,0.776,0.3545,0.1585,0.239
0.625,0.495,0.16,1.234,0.6335,0.192,0.35
0.45,0.36,0.125,0.5065,0.222,0.105,0.16
0.58,0.45,0.15,0.92,0.393,0.212,0.2895
0.68,0.55,0.21,1.7445,0.5975,0.305,0.625
0.585,0.45,0.17,0.8685,0.3325,0.1635,0.27
0.485,0.365,0.15,0.9145,0.4145,0.199,0.273
0.645,0.51,0.2,1.5675,0.621,0.367,0.46
0.67,0.515,0.17,1.4265,0.6605,0.3395,0.37
0.675,0.51,0.195,1.382,0.6045,0.3175,0.3965
0.705,0.545,0.18,1.5395,0.6075,0.3675,0.4645
0.59,0.465,0.15,1.151,0.613,0.239,0.2515
0.67,0.54,0.165,1.5015,0.518,0.358,0.505
0.43,0.34,0.12,0.391,0.1555,0.095,0.1405
0.49,0.365,0.13,0.6835,0.165,0.1315,0.205
0.58,0.44,0.125,0.7855,0.363,0.1955,0.195
0.57,0.44,0.12,0.803,0.382,0.1525,0.234
0.695,0.56,0.22,1.834,0.8455,0.422,0.455
0.47,0.35,0.145,0.5175,0.187,0.1235,0.18
0.61,0.47,0.165,1.1785,0.566,0.2785,0.294
0.695,0.535,0.175,1.361,0.5465,0.2815,0.465
0.58,0.425,0.155,0.873,0.3615,0.249,0.239
0.72,0.55,0.18,1.52,0.637,0.325,0.435
0.55,0.425,0.125,0.964,0.5475,0.159,0.215
0.68,0.55,0.2,1.596,0.525,0.4075,0.585
0.56,0.43,0.145,0.898,0.3895,0.2325,0.245
0.485,0.375,0.135,0.556,0.1925,0.1315,0.1685
0.51,0.38,0.13,0.584,0.224,0.1355,0.185
0.56,0.44,0.155,0.6405,0.336,0.1765,0.245
0.37,0.29,0.115,0.25,0.111,0.057,0.075
0.55,0.43,0.15,0.655,0.2635,0.122,0.221
0.545,0.4,0.14,0.778,0.368,0.215,0.18
0.44,0.34,0.13,0.4195,0.153,0.1155,0.13
0.625,0.49,0.145,0.92,0.437,0.1735,0.28
0.61,0.48,0.16,1.234,0.598,0.238,0.315
0.51,0.4,0.13,0.5735,0.219,0.1365,0.195
0.465,0.35,0.11,0.4085,0.165,0.102,0.131
0.64,0.5,0.15,1.2015,0.559,0.231,0.3355
0.725,0.56,0.21,2.141,0.65,0.398,1.005
0.485,0.395,0.16,0.66,0.2475,0.128,0.235
0.595,0.45,0.165,1.081,0.49,0.2525,0.279
0.6,0.475,0.15,1.0075,0.4425,0.221,0.28
0.475,0.375,0.15,0.559,0.1955,0.1215,0.1945
0.635,0.5,0.165,1.4595,0.705,0.2645,0.39
0.625,0.515,0.16,1.264,0.5715,0.326,0.321
0.625,0.475,0.13,0.8595,0.3195,0.1775,0.24
0.44,0.345,0.105,0.4285,0.165,0.083,0.132
0.675,0.55,0.175,1.689,0.694,0.371,0.474
0.52,0.405,0.115,0.776,0.32,0.1845,0.22
0.585,0.46,0.17,0.9325,0.365,0.271,0.29
0.61,0.49,0.17,1.3475,0.7045,0.25,0.3045
0.63,0.5,0.185,1.383,0.54,0.3315,0.38
0.665,0.53,0.18,1.491,0.6345,0.342,0.435
0.665,0.52,0.165,1.6885,0.7295,0.407,0.4265
0.605,0.45,0.165,1.2225,0.357,0.202,0.385
0.6,0.455,0.145,0.8895,0.419,0.1715,0.269
0.475,0.38,0.135,0.486,0.1735,0.07,0.185
0.425,0.325,0.135,0.382,0.1465,0.079,0.14
0.645,0.48,0.17,1.1345,0.528,0.254,0.305
0.51,0.375,0.11,0.5805,0.2865,0.118,0.148
0.555,0.44,0.155,1.016,0.4935,0.1855,0.263
0.465,0.36,0.12,0.4765,0.192,0.1125,0.16
0.595,0.455,0.155,1.0605,0.5135,0.2165,0.3
0.72,0.575,0.18,1.6705,0.732,0.3605,0.501
0.615,0.455,0.135,1.059,0.4735,0.263,0.274
0.385,0.305,0.105,0.3315,0.1365,0.0745,0.1
0.49,0.38,0.125,0.549,0.245,0.1075,0.174
0.36,0.265,0.09,0.2065,0.078,0.057,0.06
0.5,0.385,0.13,0.768,0.2625,0.095,0.27
0.56,0.445,0.195,0.981,0.305,0.2245,0.335
0.47,0.355,0.13,0.5465,0.2005,0.126,0.185
0.69,0.56,0.215,1.719,0.68,0.299,0.47
0.49,0.385,0.16,0.656,0.2455,0.171,0.205
0.655,0.46,0.16,1.494,0.6895,0.331,0.1825
0.495,0.4,0.155,0.6445,0.242,0.1325,0.205
0.47,0.375,0.105,0.513,0.232,0.142,0.13
0.59,0.45,0.16,0.9,0.358,0.156,0.315
0.585,0.45,0.125,0.874,0.3545,0.2075,0.225
0.55,0.415,0.135,0.7635,0.318,0.21,0.2
0.635,0.495,0.175,1.211,0.707,0.2725,0.323
0.585,0.475,0.185,0.9585,0.4145,0.1615,0.33
0.635,0.505,0.155,1.2895,0.594,0.314,0.345
0.565,0.45,0.175,1.0095,0.447,0.2375,0.2645
0.56,0.42,0.18,1.6645,0.7755,0.35,0.4525
0.615,0.5,0.205,1.1055,0.4445,0.227,0.39
0.545,0.415,0.2,1.358,0.567,0.318,0.403
0.695,0.565,0.19,1.7635,0.7465,0.399,0.4975
0.46,0.365,0.115,0.4485,0.165,0.083,0.17
0.58,0.455,0.12,1.0735,0.479,0.2735,0.265
0.565,0.44,0.15,0.863,0.435,0.149,0.27
0.615,0.475,0.145,0.9525,0.3915,0.195,0.32
0.67,0.55,0.155,1.566,0.858,0.339,0.354
0.565,0.49,0.155,0.9245,0.405,0.2195,0.255
0.655,0.545,0.185,1.759,0.6865,0.313,0.547
0.505,0.405,0.16,0.6835,0.271,0.145,0.215
0.57,0.43,0.16,0.811,0.3875,0.159,0.2285
0.655,0.5,0.22,1.359,0.642,0.3255,0.405
0.44,0.34,0.1,0.451,0.188,0.087,0.13
0.71,0.565,0.195,1.817,0.785,0.492,0.49
0.62,0.485,0.22,1.511,0.5095,0.284,0.51
0.595,0.45,0.15,1.114,0.5865,0.2205,0.25
0.67,0.585,0.16,1.309,0.5445,0.2945,0.413
0.65,0.52,0.195,1.6275,0.689,0.3905,0.432
0.64,0.54,0.175,1.571,0.627,0.271,0.475
0.72,0.565,0.17,1.613,0.723,0.3255,0.4945
0.395,0.295,0.095,0.2245,0.078,0.054,0.08
0.655,0.5,0.14,1.1705,0.5405,0.3175,0.285
0.645,0.515,0.15,1.212,0.515,0.2055,0.385
0.645,0.485,0.15,1.151,0.5935,0.2315,0.293
0.67,0.52,0.15,1.406,0.519,0.348,0.37
0.545,0.41,0.115,0.6765,0.29,0.158,0.22
0.63,0.5,0.18,1.1965,0.514,0.2325,0.3995
0.575,0.45,0.135,0.8285,0.362,0.1655,0.236
0.35,0.265,0.09,0.1855,0.0745,0.0415,0.06
0.645,0.49,0.16,1.1665,0.4935,0.3155,0.299
0.67,0.535,0.185,1.597,0.6275,0.35,0.47
0.615,0.475,0.165,1.023,0.4905,0.1955,0.3035
0.645,0.48,0.19,1.371,0.6925,0.2905,0.35
0.555,0.445,0.175,1.1465,0.551,0.244,0.2785
0.57,0.44,0.14,0.9535,0.3785,0.201,0.305
0.585,0.435,0.175,0.982,0.4055,0.2495,0.27
0.625,0.5,0.175,1.273,0.564,0.302,0.374
0.435,0.335,0.11,0.38,0.1695,0.086,0.11
0.62,0.475,0.175,1.0165,0.4355,0.214,0.325
0.68,0.58,0.2,1.787,0.585,0.453,0.6
0.59,0.465,0.16,1.1005,0.506,0.2525,0.295
0.49,0.37,0.14,0.585,0.243,0.115,0.195
0.65,0.5,0.185,1.4415,0.741,0.2955,0.341
0.71,0.53,0.195,1.8745,0.6755,0.4065,0.6855
0.505,0.375,0.18,0.568,0.2325,0.1495,0.17
0.68,0.505,0.17,1.3435,0.657,0.297,0.355
0.67,0.505,0.205,1.3645,0.6075,0.3025,0.353
0.675,0.52,0.175,1.494,0.7365,0.3055,0.37
0.585,0.445,0.14,0.913,0.4305,0.2205,0.253
0.5,0.405,0.14,0.6735,0.265,0.124,0.25
0.575,0.465,0.195,0.9965,0.417,0.247,0.47
0.47,0.375,0.12,0.6015,0.2765,0.1455,0.135
0.55,0.43,0.14,0.8105,0.368,0.161,0.275
0.55,0.415,0.135,0.8145,0.427,0.1855,0.175
0.53,0.42,0.135,0.677,0.2565,0.1415,0.21
0.615,0.48,0.16,1.2525,0.585,0.2595,0.33
0.525,0.43,0.125,0.813,0.3315,0.166,0.1775
0.55,0.43,0.14,0.84,0.375,0.218,0.1945
0.72,0.545,0.185,1.7185,0.7925,0.401,0.468
0.65,0.565,0.2,1.6645,0.753,0.367,0.43
0.63,0.48,0.165,1.2615,0.5505,0.277,0.3885
0.65,0.525,0.19,1.385,0.8875,0.3095,0.405
0.465,0.38,0.135,0.579,0.208,0.1095,0.22
0.41,0.325,0.105,0.3635,0.159,0.077,0.12
0.65,0.505,0.165,1.16,0.4785,0.274,0.349
0.63,0.485,0.19,1.2435,0.4635,0.3055,0.39
0.485,0.365,0.14,0.6195,0.2595,0.1445,0.177
0.645,0.51,0.19,1.363,0.573,0.362,0.36
0.44,0.34,0.14,0.482,0.186,0.1085,0.16
0.585,0.46,0.15,1.0035,0.503,0.2105,0.2515
0.585,0.465,0.17,0.9915,0.3865,0.224,0.265
0.37,0.285,0.105,0.27,0.1125,0.0585,0.0835
0.71,0.56,0.18,1.652,0.735,0.381,0.4525
0.475,0.36,0.125,0.447,0.1695,0.081,0.14
0.575,0.46,0.165,1.124,0.2985,0.1785,0.44
0.565,0.45,0.195,1.0035,0.406,0.2505,0.285
0.6,0.465,0.165,0.8875,0.309,0.246,0.262
0.59,0.485,0.205,1.2315,0.4525,0.238,0.42
0.635,0.5,0.15,1.376,0.6495,0.361,0.31
0.695,0.56,0.185,1.7715,0.8195,0.331,0.437
0.635,0.51,0.17,1.2235,0.532,0.271,0.354
0.7,0.55,0.17,1.684,0.7535,0.3265,0.32
0.59,0.455,0.165,1.161,0.38,0.2455,0.28
0.625,0.5,0.165,1.288,0.573,0.3035,0.315
0.65,0.5,0.16,1.3825,0.702,0.304,0.3195
0.525,0.43,0.165,0.717,0.289,0.1745,0.195
0.475,0.36,0.12,0.5915,0.3245,0.11,0.127
0.455,0.365,0.115,0.4305,0.184,0.108,0.1245
0.63,0.5,0.155,1.005,0.367,0.199,0.36
0.595,0.495,0.185,1.285,0.416,0.224,0.485
0.61,0.465,0.16,1.0725,0.4835,0.2515,0.28
0.57,0.455,0.165,1.0595,0.44,0.2195,0.285
0.625,0.485,0.16,1.254,0.591,0.259,0.3485
0.66,0.525,0.16,1.277,0.4975,0.319,0.394
0.575,0.45,0.17,1.0475,0.3775,0.1705,0.385
0.62,0.465,0.14,1.011,0.479,0.2385,0.255
0.59,0.455,0.175,0.966,0.391,0.2455,0.31
0.56,0.455,0.19,0.714,0.283,0.129,0.275
0.61,0.475,0.16,1.1155,0.3835,0.223,0.379
0.545,0.435,0.15,0.6855,0.2905,0.145,0.225
0.625,0.49,0.165,1.127,0.477,0.2365,0.3185
0.64,0.515,0.205,1.5335,0.6635,0.3345,0.4025
0.725,0.575,0.175,2.124,0.765,0.4515,0.85
0.555,0.42,0.11,0.931,0.4445,0.171,0.225
0.62,0.495,0.17,1.062,0.372,0.213,0.34
0.4,0.3,0.115,0.3025,0.1335,0.0465,0.0935
0.405,0.31,0.12,0.3095,0.138,0.058,0.095
0.525,0.425,0.145,0.7995,0.3345,0.209,0.24
0.5,0.375,0.14,0.604,0.242,0.1415,0.179
0.62,0.47,0.14,1.0325,0.3605,0.224,0.36
0.62,0.51,0.205,1.3475,0.4775,0.2565,0.48
0.645,0.52,0.17,1.197,0.526,0.2925,0.317
0.575,0.435,0.155,0.8975,0.4115,0.2325,0.23
0.455,0.36,0.11,0.4385,0.206,0.098,0.125
0.515,0.405,0.12,0.646,0.2895,0.1405,0.177
0.575,0.45,0.16,0.9775,0.3135,0.231,0.33
0.56,0.435,0.185,1.106,0.422,0.2435,0.33
0.54,0.475,0.155,0.928,0.394,0.194,0.26
0.64,0.505,0.19,1.2355,0.4435,0.3105,0.365
0.685,0.535,0.175,1.5845,0.7175,0.3775,0.4215
0.41,0.315,0.11,0.321,0.1255,0.0655,0.095
0.555,0.43,0.135,0.812,0.4055,0.163,0.2215
0.72,0.575,0.195,2.1505,1.0745,0.382,0.585
0.605,0.485,0.165,0.9515,0.4535,0.193,0.2765
0.745,0.57,0.215,2.25,1.1565,0.446,0.558
0.5,0.4,0.14,0.6615,0.2565,0.1755,0.22
0.63,0.475,0.175,1.423,0.4155,0.3385,0.49
0.625,0.49,0.155,1.33,0.6675,0.259,0.33
0.645,0.49,0.16,1.144,0.5015,0.289,0.319
0.505,0.475,0.16,1.1155,0.509,0.239,0.3065
0.63,0.495,0.165,1.3075,0.599,0.284,0.315
0.49,0.38,0.155,0.578,0.2395,0.1255,0.18
0.525,0.425,0.14,0.8735,0.4205,0.182,0.2225
0.505,0.39,0.125,0.5445,0.246,0.15,0.1405
0.8,0.63,0.195,2.526,0.933,0.59,0.62
0.38,0.3,0.09,0.3215,0.1545,0.075,0.095
0.655,0.52,0.19,1.4545,0.6,0.3865,0.383
0.52,0.395,0.18,0.64,0.158,0.11,0.245
0.535,0.445,0.125,0.8725,0.417,0.199,0.24
0.41,0.305,0.1,0.363,0.1735,0.065,0.11
0.625,0.505,0.175,1.15,0.5475,0.256,0.3045
0.6,0.475,0.16,1.0265,0.485,0.2495,0.2565
0.57,0.465,0.155,0.872,0.3245,0.239,0.285
0.665,0.555,0.195,1.4385,0.581,0.354,0.36
0.575,0.445,0.135,0.883,0.381,0.2035,0.26
0.655,0.455,0.17,1.275,0.583,0.303,0.333
0.61,0.45,0.13,0.8725,0.389,0.1715,0.272
0.505,0.405,0.18,0.606,0.239,0.1235,0.18
0.455,0.35,0.12,0.4555,0.1945,0.1045,0.1375
0.64,0.515,0.165,1.3115,0.4945,0.2555,0.41
0.55,0.45,0.145,0.741,0.295,0.1435,0.2665
0.43,0.335,0.12,0.444,0.155,0.1145,0.14
0.46,0.375,0.12,0.4915,0.2205,0.088,0.17
0.48,0.375,0.105,0.525,0.2185,0.1195,0.155
0.385,0.3,0.1,0.2725,0.1115,0.057,0.08
0.435,0.32,0.12,0.3785,0.152,0.0915,0.125
0.64,0.5,0.175,1.394,0.4935,0.291,0.4
0.545,0.42,0.175,0.754,0.256,0.1775,0.275
0.615,0.475,0.17,1.1025,0.4695,0.2355,0.345
0.565,0.48,0.175,0.957,0.3885,0.215,0.275
0.625,0.48,0.2,1.3235,0.6075,0.3055,0.355
0.61,0.45,0.16,1.136,0.414,0.311,0.3
0.595,0.465,0.15,1.1005,0.5415,0.166,0.265
0.63,0.485,0.185,1.167,0.548,0.2485,0.34
0.71,0.57,0.195,1.9805,0.9925,0.4925,0.48
0.56,0.44,0.135,0.8025,0.35,0.1615,0.259
0.505,0.39,0.175,0.692,0.267,0.15,0.215
0.56,0.43,0.125,0.8025,0.313,0.1715,0.263
0.585,0.465,0.14,0.908,0.381,0.1615,0.315
0.66,0.515,0.17,1.337,0.615,0.3125,0.3575
0.575,0.47,0.165,0.869,0.435,0.197,0.238
0.645,0.49,0.215,1.406,0.4265,0.2285,0.51
0.58,0.46,0.185,1.017,0.3515,0.2,0.32
0.675,0.51,0.15,1.1965,0.475,0.304,0.386
0.505,0.385,0.135,0.6185,0.251,0.1175,0.2
0.755,0.625,0.21,2.505,1.1965,0.513,0.6785
0.66,0.505,0.185,1.528,0.69,0.3025,0.441
0.7,0.525,0.19,1.6465,0.8545,0.307,0.3995
0.68,0.57,0.205,1.842,0.625,0.408,0.65
0.645,0.5,0.225,1.626,0.587,0.4055,0.41
0.56,0.435,0.125,0.8775,0.3345,0.2145,0.29
0.515,0.375,0.11,0.6065,0.3005,0.131,0.15
0.46,0.33,0.15,0.5325,0.2085,0.1805,0.125
0.57,0.435,0.15,0.8295,0.3875,0.156,0.245
0.515,0.425,0.135,0.712,0.2665,0.1605,0.25
0.73,0.575,0.185,1.8795,0.931,0.38,0.4825
0.655,0.515,0.18,1.412,0.6195,0.2485,0.497
0.665,0.5,0.15,1.2475,0.4625,0.2955,0.3595
0.645,0.535,0.19,1.2395,0.468,0.2385,0.424
0.53,0.435,0.17,0.8155,0.2985,0.155,0.275
0.43,0.35,0.09,0.397,0.1575,0.089,0.12
0.53,0.425,0.13,0.717,0.2115,0.166,0.255
0.525,0.39,0.135,0.6005,0.2265,0.131,0.21
0.68,0.5,0.185,1.741,0.7665,0.3255,0.4685
0.475,0.375,0.14,0.501,0.192,0.1175,0.175
0.665,0.57,0.185,1.522,0.6965,0.3025,0.405
0.58,0.475,0.165,1.0385,0.414,0.26,0.305
0.56,0.44,0.14,0.9285,0.3825,0.188,0.3
0.6,0.465,0.15,1.1025,0.5455,0.262,0.25
0.655,0.515,0.155,1.309,0.524,0.346,0.385
0.49,0.355,0.16,0.8795,0.3485,0.215,0.2825
0.625,0.495,0.165,1.262,0.507,0.318,0.39
0.61,0.485,0.165,1.0915,0.3935,0.2435,0.33
0.72,0.55,0.2,1.9965,0.9035,0.469,0.5215
0.575,0.465,0.175,1.099,0.4735,0.202,0.35
0.63,0.495,0.2,1.4255,0.659,0.336,0.38
0.37,0.275,0.1,0.2225,0.093,0.026,0.08
0.52,0.43,0.15,0.728,0.302,0.1575,0.235
0.55,0.405,0.125,0.651,0.2965,0.137,0.2
0.56,0.445,0.18,0.903,0.3575,0.2045,0.295
0.69,0.55,0.2,1.569,0.687,0.3675,0.46
0.61,0.49,0.17,1.1775,0.5655,0.2385,0.295
0.65,0.515,0.195,1.4005,0.5195,0.36,0.44
0.505,0.4,0.165,0.729,0.2675,0.155,0.25
0.5,0.39,0.13,0.6355,0.2505,0.1635,0.195
0.59,0.46,0.16,1.0115,0.445,0.2615,0.2565
0.64,0.49,0.18,1.36,0.653,0.347,0.305
0.525,0.44,0.15,0.8425,0.3685,0.1985,0.24
0.62,0.51,0.175,1.1255,0.4985,0.227,0.315
0.38,0.305,0.105,0.281,0.1045,0.0615,0.09
0.555,0.42,0.14,0.868,0.33,0.243,0.21
0.445,0.335,0.11,0.4355,0.2025,0.1095,0.1195
0.56,0.44,0.155,0.9705,0.4315,0.263,0.255
0.705,0.55,0.2,1.7095,0.633,0.4115,0.49
0.605,0.505,0.18,1.434,0.7285,0.264,0.431
0.625,0.49,0.155,1.2085,0.465,0.162,0.411
0.53,0.385,0.125,0.6695,0.289,0.151,0.18
0.7,0.575,0.205,1.773,0.605,0.447,0.538
0.545,0.41,0.125,0.654,0.2945,0.1315,0.205
0.635,0.525,0.18,1.3695,0.634,0.318,0.363
0.685,0.525,0.175,1.71,0.5415,0.309,0.58
0.545,0.415,0.15,0.7335,0.2795,0.163,0.2185
0.64,0.54,0.175,1.221,0.51,0.259,0.39
0.635,0.485,0.19,1.3765,0.634,0.2885,0.406
0.445,0.355,0.15,0.485,0.181,0.125,0.155
0.635,0.495,0.18,1.596,0.617,0.317,0.37
0.455,0.35,0.125,0.4485,0.1585,0.102,0.1335
0.62,0.54,0.165,1.139,0.4995,0.2435,0.357
0.64,0.5,0.15,1.0705,0.371,0.2705,0.36
0.525,0.425,0.16,0.8355,0.3545,0.2135,0.245
0.595,0.47,0.155,1.121,0.4515,0.178,0.155
0.515,0.42,0.135,0.6295,0.2815,0.127,0.215
0.58,0.48,0.18,1.2495,0.4945,0.27,0.371
0.485,0.4,0.155,0.731,0.236,0.183,0.255
0.75,0.55,0.195,1.8325,0.83,0.366,0.44
0.64,0.5,0.165,1.1635,0.554,0.239,0.32
0.505,0.39,0.13,0.674,0.3165,0.141,0.1785
0.575,0.48,0.165,1.078,0.511,0.2095,0.306
0.505,0.38,0.13,0.693,0.391,0.1195,0.1515
0.565,0.45,0.16,0.795,0.3605,0.1555,0.23
0.625,0.485,0.19,1.1745,0.4385,0.2305,0.42
0.57,0.435,0.14,0.8085,0.3235,0.183,0.22
0.525,0.41,0.15,0.708,0.274,0.151,0.25
0.415,0.325,0.105,0.38,0.1595,0.0785,0.12
0.67,0.525,0.195,1.42,0.573,0.368,0.3905
0.58,0.455,0.17,0.9075,0.374,0.2135,0.285
0.59,0.465,0.17,1.0425,0.4635,0.24,0.27
0.53,0.42,0.13,1.001,0.34,0.226,0.265
0.38,0.325,0.11,0.3105,0.12,0.074,0.105
0.51,0.4,0.14,0.8145,0.459,0.1965,0.195
0.595,0.465,0.155,1.026,0.4645,0.112,0.305
0.595,0.46,0.16,0.921,0.4005,0.2025,0.2875
0.455,0.37,0.105,0.4925,0.216,0.1245,0.135
0.68,0.515,0.175,1.6185,0.5125,0.409,0.62
0.735,0.565,0.225,2.037,0.87,0.5145,0.5675
0.565,0.45,0.165,0.887,0.37,0.239,0.249
0.54,0.415,0.175,0.8975,0.275,0.241,0.275
0.6,0.47,0.135,0.97,0.4655,0.1955,0.264
0.625,0.48,0.155,1.2035,0.5865,0.239,0.3185
0.62,0.51,0.15,1.456,0.581,0.2875,0.32
0.465,0.35,0.115,0.421,0.1565,0.091,0.1345
0.43,0.325,0.115,0.3865,0.1475,0.1065,0.11
0.625,0.495,0.16,1.1115,0.4495,0.2825,0.345
0.54,0.42,0.14,0.8035,0.38,0.1805,0.21
0.66,0.52,0.18,1.514,0.526,0.2975,0.42
0.62,0.435,0.155,1.012,0.477,0.236,0.275
0.67,0.52,0.195,1.8065,0.758,0.3735,0.5055
0.55,0.38,0.165,1.205,0.543,0.294,0.3345
0.535,0.415,0.17,0.879,0.295,0.1965,0.285
0.72,0.575,0.215,2.1,0.8565,0.4825,0.602
0.635,0.505,0.17,1.2635,0.512,0.322,0.355
0.6,0.5,0.155,1.332,0.6235,0.2835,0.35
0.5,0.405,0.15,0.5965,0.253,0.126,0.185
0.605,0.455,0.145,0.9775,0.468,0.1775,0.275
0.665,0.525,0.21,1.644,0.818,0.3395,0.4275
0.535,0.4,0.15,1.224,0.618,0.275,0.2875
0.675,0.53,0.195,1.4985,0.62,0.375,0.425
0.6,0.48,0.17,1.056,0.4575,0.2435,0.3135
0.675,0.535,0.22,1.604,0.6175,0.4255,0.453
0.62,0.47,0.2,1.2255,0.381,0.27,0.435
0.49,0.4,0.145,0.6635,0.21,0.1295,0.2515
0.62,0.51,0.175,1.2705,0.5415,0.323,0.3225
0.455,0.355,0.12,0.4495,0.177,0.104,0.15
0.505,0.38,0.135,0.6855,0.361,0.1565,0.161
0.515,0.435,0.17,0.631,0.2765,0.111,0.216
0.665,0.5,0.175,1.4355,0.643,0.345,0.37
0.425,0.33,0.115,0.406,0.1635,0.081,0.1355
0.66,0.535,0.205,1.4415,0.5925,0.2775,0.49
0.47,0.355,0.18,0.441,0.1525,0.1165,0.135
0.62,0.485,0.175,1.2155,0.545,0.253,0.345
0.535,0.435,0.16,0.8105,0.3155,0.1795,0.24
0.745,0.585,0.19,1.966,0.8435,0.437,0.5855
0.66,0.525,0.19,1.67,0.6525,0.4875,0.49
0.625,0.42,0.165,1.0595,0.358,0.165,0.445
0.575,0.46,0.185,1.094,0.4485,0.217,0.345
0.705,0.57,0.185,1.761,0.747,0.3725,0.488
0.645,0.5,0.155,1.2205,0.6145,0.236,0.3185
0.435,0.325,0.115,0.3915,0.154,0.094,0.12
0.415,0.325,0.115,0.3455,0.1405,0.0765,0.11
0.57,0.435,0.14,0.8585,0.3905,0.196,0.2295
0.59,0.44,0.14,1.007,0.4775,0.2105,0.2925
0.595,0.47,0.155,1.1775,0.542,0.269,0.31
0.6,0.48,0.165,1.1345,0.4535,0.27,0.335
0.5,0.4,0.125,0.6675,0.261,0.1315,0.22
0.565,0.4,0.13,0.6975,0.3075,0.1665,0.18
0.6,0.47,0.17,1.0805,0.4995,0.2245,0.3205
0.62,0.48,0.165,1.0125,0.5325,0.4365,0.324
0.515,0.4,0.17,0.796,0.258,0.1755,0.28
0.625,0.5,0.15,0.953,0.3445,0.2235,0.305
0.58,0.465,0.165,1.1015,0.404,0.2095,0.35
0.525,0.38,0.14,0.6065,0.194,0.1475,0.21
0.4,0.305,0.16,0.368,0.173,0.0705,0.105
0.72,0.55,0.195,2.073,1.0715,0.4265,0.5015
0.56,0.43,0.15,0.8825,0.3465,0.172,0.31
0.49,0.385,0.15,0.7865,0.241,0.14,0.24
0.665,0.525,0.18,1.5785,0.678,0.229,0.456
0.62,0.475,0.16,1.1295,0.463,0.2685,0.33
0.465,0.355,0.115,0.4705,0.1955,0.118,0.126
0.52,0.405,0.14,0.6915,0.276,0.137,0.215
0.635,0.495,0.195,1.297,0.556,0.2985,0.37
0.57,0.495,0.16,1.0915,0.452,0.275,0.315
0.57,0.45,0.165,0.903,0.3305,0.1845,0.295
0.48,0.4,0.125,0.759,0.2125,0.179,0.24
0.515,0.43,0.14,0.834,0.367,0.2,0.23
0.595,0.485,0.145,1.2515,0.5035,0.2925,0.33
0.55,0.45,0.15,0.875,0.362,0.1755,0.2765
0.7,0.575,0.17,1.31,0.5095,0.314,0.42
0.47,0.36,0.13,0.472,0.182,0.114,0.15
0.63,0.505,0.195,1.306,0.516,0.3305,0.375
0.565,0.445,0.125,0.8305,0.3135,0.1785,0.23
0.47,0.365,0.12,0.543,0.2295,0.1495,0.15
0.645,0.5,0.17,1.1845,0.4805,0.274,0.355
0.53,0.415,0.115,0.5915,0.233,0.1585,0.18
0.575,0.48,0.15,0.8745,0.375,0.193,0.29
0.68,0.56,0.195,1.664,0.58,0.3855,0.545
0.435,0.35,0.11,0.384,0.143,0.1005,0.125
0.565,0.44,0.15,0.983,0.4475,0.2355,0.2485
0.625,0.49,0.175,1.1075,0.4485,0.2165,0.3595
0.58,0.46,0.18,1.0515,0.4095,0.2595,0.276
0.61,0.5,0.18,1.438,0.5185,0.3735,0.3345
0.6,0.48,0.15,1.029,0.4085,0.2705,0.295
0.815,0.65,0.25,2.255,0.8905,0.42,0.7975
0.705,0.54,0.205,1.757,0.8265,0.417,0.461
0.62,0.485,0.155,1.1945,0.5105,0.271,0.352
0.57,0.465,0.18,0.9995,0.405,0.277,0.295
0.615,0.465,0.15,0.923,0.4615,0.1825,0.2415
0.6,0.48,0.18,1.0645,0.4495,0.2455,0.325
0.465,0.39,0.11,0.6355,0.1815,0.157,0.225
0.605,0.475,0.175,1.382,0.609,0.2325,0.3985
0.45,0.335,0.105,0.425,0.1865,0.091,0.115
0.535,0.46,0.145,0.7875,0.3395,0.2005,0.2
0.555,0.425,0.14,0.788,0.282,0.1595,0.285
0.595,0.465,0.15,1.0255,0.412,0.2745,0.289
0.55,0.435,0.14,0.745,0.347,0.174,0.2265
0.575,0.435,0.15,1.0305,0.4605,0.218,0.36
0.615,0.485,0.16,1.1575,0.5005,0.2495,0.315
0.705,0.53,0.17,1.564,0.612,0.394,0.44
0.66,0.53,0.185,1.346,0.546,0.2705,0.476
0.635,0.5,0.19,1.29,0.593,0.3045,0.352
0.555,0.425,0.14,0.963,0.44,0.224,0.24
0.545,0.44,0.15,0.9475,0.366,0.239,0.275
0.665,0.505,0.16,1.2915,0.631,0.2925,0.32
0.53,0.43,0.17,0.775,0.35,0.152,0.235
0.67,0.54,0.2,1.46,0.6435,0.328,0.4165
0.63,0.5,0.16,1.22,0.4905,0.3,0.345
0.52,0.425,0.165,0.9885,0.396,0.225,0.32
0.675,0.535,0.16,1.41,0.592,0.3175,0.42
0.525,0.405,0.16,0.658,0.2655,0.1125,0.225
0.7,0.525,0.19,1.6015,0.707,0.365,0.43
0.575,0.46,0.15,0.927,0.333,0.207,0.2985
0.64,0.475,0.175,1.1545,0.4865,0.341,0.288
0.715,0.565,0.18,1.79,0.844,0.3535,0.5385
0.615,0.47,0.175,1.2985,0.5135,0.343,0.32
0.335,0.22,0.07,0.17,0.076,0.0365,0.05
0.72,0.59,0.205,1.7495,0.7755,0.4225,0.48
0.63,0.49,0.225,1.336,0.6805,0.259,0.3245
0.47,0.375,0.125,0.5615,0.252,0.137,0.18
0.73,0.55,0.205,1.908,0.5415,0.3565,0.5965
0.605,0.48,0.15,1.079,0.4505,0.2835,0.293
0.54,0.42,0.13,0.7505,0.368,0.1675,0.1845
0.625,0.525,0.195,1.352,0.4505,0.2445,0.53
0.695,0.55,0.185,1.679,0.805,0.4015,0.3965
0.35,0.275,0.065,0.205,0.0745,0.0465,0.07
0.45,0.355,0.105,0.5225,0.237,0.1165,0.145
0.635,0.535,0.19,1.242,0.576,0.2475,0.39
0.66,0.525,0.18,1.5965,0.7765,0.397,0.3605
0.655,0.505,0.165,1.367,0.5835,0.3515,0.396
0.635,0.485,0.155,1.073,0.467,0.1975,0.35
0.58,0.46,0.15,0.9955,0.429,0.212,0.26
0.49,0.38,0.13,0.539,0.229,0.1355,0.165
0.69,0.535,0.185,1.826,0.797,0.409,0.499
0.675,0.51,0.185,1.473,0.6295,0.3025,0.4245
0.525,0.41,0.135,0.7085,0.293,0.1525,0.235
0.57,0.465,0.16,0.8935,0.3145,0.2575,0.263
0.655,0.54,0.215,1.5555,0.695,0.296,0.444
0.475,0.4,0.115,0.541,0.186,0.1025,0.21
0.49,0.37,0.105,0.5265,0.249,0.1005,0.148
0.61,0.485,0.15,1.2405,0.6025,0.2915,0.3085
0.56,0.43,0.15,0.8745,0.453,0.161,0.22
0.435,0.325,0.11,0.4335,0.178,0.0985,0.155
0.54,0.475,0.155,1.217,0.5305,0.3075,0.34
0.705,0.545,0.17,1.58,0.6435,0.4565,0.265
0.64,0.51,0.2,1.3905,0.61,0.3315,0.41
0.52,0.405,0.145,0.829,0.3535,0.1685,0.205
0.69,0.54,0.185,1.5715,0.6935,0.318,0.47
0.61,0.495,0.175,1.2635,0.53,0.315,0.3455
0.695,0.535,0.2,1.5855,0.667,0.334,0.471
0.56,0.46,0.18,0.97,0.342,0.196,0.355
0.52,0.405,0.14,0.8175,0.2795,0.183,0.26
0.465,0.35,0.135,0.6265,0.259,0.1445,0.175
0.59,0.455,0.155,1.066,0.382,0.2275,0.415
0.53,0.41,0.13,0.6965,0.302,0.1935,0.2
0.605,0.475,0.175,1.076,0.463,0.2195,0.335
0.58,0.46,0.135,0.926,0.4025,0.208,0.275
0.63,0.48,0.175,1.3675,0.5015,0.3035,0.515
0.575,0.445,0.14,0.941,0.3845,0.252,0.285
0.405,0.325,0.11,0.3575,0.145,0.0725,0.11
0.495,0.375,0.15,0.597,0.2615,0.135,0.178
0.75,0.61,0.235,2.5085,1.232,0.519,0.612
0.7,0.575,0.2,1.7365,0.7755,0.3965,0.461
0.65,0.495,0.16,1.3105,0.577,0.3315,0.355
0.55,0.425,0.145,0.797,0.297,0.15,0.265
0.68,0.52,0.185,1.541,0.5985,0.395,0.4575
0.505,0.39,0.115,0.66,0.3045,0.1555,0.175
0.62,0.48,0.165,1.043,0.4835,0.221,0.31
0.555,0.44,0.145,0.8815,0.43,0.1975,0.2155
0.63,0.475,0.15,1.072,0.433,0.2975,0.315
0.6,0.475,0.135,1.4405,0.5885,0.191,0.3175
0.58,0.46,0.12,0.9935,0.4625,0.2385,0.28
0.66,0.53,0.18,1.5175,0.7765,0.302,0.401
0.585,0.45,0.16,0.9045,0.405,0.2215,0.2335
0.62,0.51,0.18,1.233,0.592,0.274,0.322
0.63,0.475,0.155,1.0005,0.452,0.252,0.265
0.615,0.495,0.165,1.198,0.5415,0.2865,0.3185
0.61,0.495,0.185,1.1085,0.3705,0.3135,0.33
0.45,0.365,0.115,0.5885,0.318,0.121,0.1325
0.6,0.46,0.155,0.9735,0.427,0.2045,0.3
0.61,0.47,0.16,1.0745,0.4925,0.236,0.29
0.53,0.415,0.16,0.783,0.2935,0.158,0.245
0.615,0.495,0.16,1.255,0.5815,0.3195,0.3225
0.61,0.495,0.165,1.0835,0.4525,0.273,0.317
0.47,0.365,0.105,0.4205,0.163,0.1035,0.14
0.585,0.45,0.16,1.077,0.4995,0.2875,0.25
0.635,0.495,0.015,1.1565,0.5115,0.308,0.2885
0.345,0.25,0.09,0.203,0.078,0.059,0.055
0.455,0.375,0.125,0.458,0.1985,0.111,0.12
0.565,0.44,0.155,0.9395,0.4275,0.214,0.27
0.42,0.32,0.13,0.4135,0.1645,0.106,0.119
0.48,0.37,0.13,0.5885,0.2475,0.1505,0.1595
0.65,0.51,0.17,1.567,0.7245,0.349,0.391
0.555,0.435,0.165,0.97,0.336,0.2315,0.295
0.655,0.515,0.17,1.527,0.8485,0.2635,0.331
0.64,0.5,0.17,1.12,0.4955,0.2645,0.32
0.66,0.525,0.2,1.463,0.6525,0.2995,0.422
0.565,0.46,0.15,0.8765,0.3455,0.1925,0.275
0.535,0.42,0.13,0.699,0.3125,0.1565,0.2035
0.535,0.4,0.135,0.8215,0.3935,0.196,0.205
0.575,0.475,0.16,0.895,0.3605,0.221,0.271
0.53,0.41,0.165,0.8115,0.24,0.169,0.24
0.675,0.545,0.195,1.7345,0.6845,0.3695,0.605
0.495,0.38,0.12,0.573,0.2655,0.1285,0.144
0.505,0.385,0.115,0.616,0.243,0.1075,0.21
0.515,0.4,0.125,0.615,0.2865,0.123,0.1765
0.5,0.4,0.15,0.8085,0.273,0.112,0.295
0.725,0.565,0.21,2.1425,1.03,0.487,0.503
0.665,0.51,0.175,1.3805,0.675,0.2985,0.325
0.63,0.5,0.175,1.1105,0.467,0.268,0.329
0.695,0.525,0.205,1.8185,0.819,0.4025,0.4525
0.65,0.545,0.165,1.566,0.6645,0.3455,0.415
0.625,0.485,0.175,1.3745,0.7335,0.2715,0.332
0.655,0.49,0.16,1.204,0.5455,0.2615,0.3225
0.67,0.545,0.16,1.5415,0.5985,0.2565,0.495
0.715,0.565,0.24,2.1995,0.7245,0.465,0.885
0.71,0.55,0.17,1.614,0.743,0.345,0.45
0.52,0.405,0.12,0.627,0.2645,0.1415,0.181
0.705,0.535,0.22,1.866,0.929,0.3835,0.4395
0.62,0.5,0.175,1.186,0.4985,0.3015,0.35
0.43,0.34,0.11,0.382,0.154,0.0955,0.109
0.665,0.5,0.175,1.742,0.595,0.3025,0.725
0.605,0.485,0.165,1.0105,0.435,0.209,0.3
0.525,0.43,0.135,0.8435,0.4325,0.18,0.1815
0.52,0.4,0.12,0.6515,0.261,0.2015,0.165
0.59,0.445,0.13,1.1325,0.3825,0.234,0.32
0.645,0.51,0.155,1.129,0.5015,0.24,0.342
0.615,0.475,0.155,1.027,0.447,0.25,0.285
0.405,0.305,0.095,0.3485,0.1455,0.0895,0.1
0.6,0.505,0.19,1.129,0.4385,0.256,0.36
0.63,0.495,0.145,1.147,0.5455,0.266,0.2885
0.425,0.335,0.095,0.322,0.1205,0.061,0.125
0.65,0.515,0.215,1.498,0.564,0.323,0.425
0.575,0.45,0.1,0.9315,0.431,0.222,0.235
0.51,0.4,0.125,0.545,0.261,0.115,0.1385
0.615,0.475,0.17,1.055,0.543,0.246,0.2345
0.66,0.53,0.17,1.326,0.519,0.2625,0.44
0.4,0.31,0.115,0.3465,0.1475,0.0695,0.115
0.53,0.415,0.15,0.7775,0.237,0.1415,0.33
0.64,0.525,0.215,1.779,0.4535,0.2855,0.55
0.585,0.455,0.165,0.998,0.345,0.2495,0.315
0.53,0.4,0.165,0.772,0.2855,0.1975,0.23
0.635,0.49,0.155,1.145,0.4775,0.3035,0.3155
0.585,0.42,0.155,1.034,0.437,0.2225,0.32
0.65,0.5,0.17,1.4045,0.694,0.318,0.3235
0.615,0.475,0.155,1.115,0.484,0.2115,0.355
0.65,0.475,0.165,1.3875,0.58,0.3485,0.3095
0.37,0.275,0.085,0.2405,0.104,0.0535,0.07
0.705,0.56,0.17,1.4575,0.607,0.318,0.44
0.595,0.475,0.16,1.1405,0.547,0.231,0.271
0.5,0.4,0.125,0.5765,0.2395,0.126,0.185
0.52,0.41,0.17,0.8705,0.3735,0.219,0.25
0.63,0.495,0.19,1.1655,0.536,0.2115,0.1625
0.565,0.44,0.135,0.83,0.393,0.1735,0.238
0.62,0.49,0.16,1.056,0.493,0.244,0.2725
0.635,0.5,0.18,1.2565,0.539,0.292,0.35
0.53,0.41,0.145,0.8255,0.375,0.204,0.245
0.48,0.39,0.125,0.6905,0.219,0.155,0.2
0.48,0.38,0.12,0.608,0.2705,0.1405,0.185
0.62,0.485,0.175,1.271,0.531,0.3075,0.37
0.535,0.425,0.135,0.771,0.3765,0.1815,0.1795
0.455,0.35,0.14,0.5725,0.1965,0.1325,0.175
0.575,0.43,0.155,0.7955,0.3485,0.1925,0.22
0.595,0.47,0.165,1.0155,0.491,0.1905,0.289
0.625,0.485,0.175,1.362,0.6765,0.2615,0.3705
0.535,0.425,0.155,0.7765,0.302,0.1565,0.25
0.67,0.54,0.195,1.619,0.74,0.3305,0.465
0.72,0.595,0.225,1.969,0.8045,0.423,0.66
0.375,0.295,0.11,0.3005,0.1255,0.0575,0.1035
0.605,0.485,0.16,1.201,0.417,0.2875,0.38
0.415,0.305,0.13,0.32,0.1305,0.0755,0.105
0.655,0.51,0.16,1.092,0.396,0.2825,0.37
0.635,0.475,0.15,1.1845,0.533,0.307,0.291
0.61,0.485,0.21,1.3445,0.535,0.2205,0.515
0.74,0.575,0.22,2.012,0.8915,0.5265,0.471
0.635,0.51,0.185,1.286,0.526,0.295,0.4105
0.655,0.53,0.19,1.428,0.493,0.318,0.565
0.275,0.195,0.07,0.08,0.031,0.0215,0.025
0.575,0.45,0.16,1.068,0.556,0.214,0.2575
0.52,0.4,0.13,0.6245,0.215,0.2065,0.17
0.58,0.465,0.145,0.9865,0.47,0.2155,0.25
0.605,0.47,0.165,1.1775,0.611,0.2275,0.292
0.475,0.365,0.13,0.4805,0.1905,0.114,0.1475
0.605,0.48,0.175,1.1685,0.4815,0.2305,0.356
0.645,0.52,0.19,1.3105,0.58,0.288,0.37
0.49,0.385,0.125,0.5395,0.2175,0.128,0.165
0.53,0.43,0.15,0.741,0.325,0.1855,0.196
0.7,0.555,0.22,1.666,0.647,0.4285,0.455
0.465,0.375,0.135,0.6,0.2225,0.129,0.23
0.485,0.375,0.145,0.5885,0.2385,0.1155,0.19
0.49,0.375,0.15,0.5755,0.22,0.144,0.19
0.64,0.5,0.18,1.4995,0.593,0.314,0.431
0.655,0.51,0.175,1.415,0.5885,0.3725,0.364
0.57,0.45,0.135,0.7805,0.3345,0.185,0.21
0.48,0.38,0.145,0.59,0.232,0.141,0.23
0.48,0.38,0.135,0.507,0.1915,0.1365,0.155
0.67,0.525,0.19,1.527,0.5755,0.353,0.44
0.42,0.33,0.125,0.463,0.186,0.11,0.145
0.62,0.52,0.225,1.1835,0.378,0.27,0.395
0.46,0.425,0.155,0.746,0.3005,0.152,0.24
0.71,0.575,0.175,1.555,0.6465,0.3705,0.52
0.46,0.355,0.13,0.517,0.2205,0.114,0.165
0.61,0.48,0.19,1.2955,0.5215,0.3225,0.365
0.625,0.49,0.175,1.233,0.5565,0.247,0.365
0.675,0.565,0.195,1.8375,0.7645,0.3615,0.553
0.58,0.455,0.165,1.1365,0.369,0.3005,0.275
0.75,0.57,0.21,2.236,1.109,0.5195,0.545
0.575,0.46,0.145,0.9945,0.466,0.229,0.265
0.635,0.52,0.165,1.3405,0.5065,0.296,0.412
0.65,0.51,0.175,1.35,0.575,0.3155,0.3885
0.595,0.475,0.165,1.148,0.444,0.214,0.37
0.29,0.21,0.075,0.275,0.113,0.0675,0.035
0.585,0.465,0.145,0.9855,0.4325,0.2145,0.2845
0.62,0.515,0.155,1.3255,0.6685,0.2605,0.335
0.635,0.515,0.19,1.3715,0.5065,0.305,0.45
0.68,0.55,0.175,1.798,0.815,0.3925,0.455
0.705,0.555,0.195,1.7525,0.7105,0.4215,0.516
0.51,0.34,0.18,0.7005,0.312,0.165,0.2
0.645,0.515,0.175,1.546,0.7035,0.365,0.415
0.695,0.535,0.175,1.8385,0.8035,0.396,0.503
0.545,0.415,0.16,0.7715,0.272,0.1455,0.2765
0.505,0.38,0.145,0.651,0.2935,0.19,0.17
0.38,0.29,0.105,0.257,0.099,0.051,0.085
0.63,0.51,0.185,1.235,0.5115,0.349,0.3065
0.475,0.375,0.125,0.588,0.237,0.1715,0.155
0.64,0.495,0.17,1.2265,0.49,0.377,0.2875
0.47,0.365,0.12,0.582,0.29,0.092,0.146
0.535,0.45,0.135,0.8075,0.322,0.181,0.25
0.53,0.425,0.17,0.949,0.3485,0.2395,0.278
0.64,0.505,0.19,1.2765,0.4835,0.328,0.4
0.66,0.495,0.21,1.548,0.724,0.3525,0.3925
0.53,0.405,0.15,0.889,0.4055,0.2275,0.215
0.535,0.4,0.15,0.8045,0.3345,0.2125,0.21
0.67,0.545,0.175,1.707,0.6995,0.387,0.575
0.62,0.47,0.225,1.115,0.378,0.2145,0.36
0.605,0.495,0.17,1.2385,0.528,0.2465,0.39
0.505,0.395,0.145,0.6515,0.2695,0.153,0.205
0.62,0.48,0.16,1.1125,0.5635,0.2445,0.281
0.58,0.455,0.16,0.9215,0.312,0.196,0.3
0.6,0.475,0.155,1.059,0.441,0.19,0.39
0.655,0.52,0.2,1.5475,0.713,0.314,0.466
0.69,0.555,0.205,1.8165,0.7785,0.4395,0.515
0.435,0.35,0.105,0.4195,0.194,0.1005,0.13
0.725,0.58,0.185,1.523,0.8045,0.3595,0.4375
0.49,0.38,0.145,0.6725,0.249,0.181,0.21
0.6,0.47,0.15,0.922,0.363,0.194,0.305
0.445,0.335,0.14,0.4565,0.1785,0.114,0.14
0.595,0.435,0.15,0.9,0.4175,0.17,0.265
0.71,0.545,0.175,1.907,0.8725,0.4565,0.475
0.525,0.415,0.17,0.8325,0.2755,0.1685,0.31
0.72,0.565,0.18,1.719,0.8465,0.407,0.3875
0.64,0.475,0.14,1.0725,0.4895,0.2295,0.31
0.55,0.435,0.17,0.884,0.2875,0.1645,0.28
0.44,0.345,0.17,0.4085,0.15,0.0825,0.1515
0.68,0.56,0.165,1.639,0.6055,0.2805,0.46
0.595,0.48,0.15,1.11,0.498,0.228,0.33
0.65,0.51,0.185,1.375,0.531,0.384,0.3985
0.55,0.43,0.15,0.84,0.395,0.195,0.223
0.49,0.39,0.135,0.5785,0.2465,0.123,0.2
0.695,0.55,0.155,1.8495,0.767,0.442,0.4175
0.55,0.425,0.135,0.8515,0.362,0.196,0.27
0.435,0.35,0.12,0.4585,0.192,0.1,0.13
0.595,0.46,0.155,1.0455,0.4565,0.24,0.3085
0.62,0.475,0.16,1.3245,0.6865,0.233,0.3275
0.69,0.58,0.195,1.658,0.708,0.3615,0.4715
0.615,0.455,0.145,1.1155,0.5045,0.238,0.315
0.625,0.485,0.165,1.2255,0.5075,0.296,0.36
0.555,0.455,0.18,0.958,0.296,0.195,0.39
0.68,0.52,0.185,1.494,0.615,0.3935,0.406
0.7,0.585,0.185,1.8075,0.7055,0.3215,0.475
0.485,0.39,0.1,0.5565,0.2215,0.1155,0.185
0.57,0.46,0.17,1.1,0.4125,0.2205,0.38
0.6,0.475,0.15,1.13,0.575,0.196,0.305
0.46,0.35,0.115,0.44,0.19,0.1025,0.13
0.545,0.41,0.14,0.7405,0.3565,0.1775,0.203
0.625,0.49,0.155,1.115,0.484,0.277,0.3095
0.63,0.505,0.165,1.065,0.4595,0.216,0.315
0.37,0.28,0.11,0.2305,0.0945,0.0465,0.075
0.46,0.375,0.12,0.4605,0.1775,0.11,0.15
0.67,0.505,0.175,1.0145,0.4375,0.271,0.3745
0.585,0.42,0.155,0.9845,0.442,0.2155,0.2875
0.345,0.26,0.09,0.207,0.0775,0.0435,0.0765
0.655,0.455,0.17,1.2895,0.587,0.3165,0.3415
0.655,0.5,0.18,1.4155,0.508,0.314,0.445
0.52,0.46,0.15,1.019,0.523,0.1985,0.254
0.655,0.545,0.165,1.6225,0.6555,0.299,0.513
0.53,0.425,0.13,0.7585,0.325,0.197,0.205
0.635,0.5,0.18,1.312,0.529,0.2485,0.485
0.74,0.6,0.195,1.974,0.598,0.4085,0.71
0.58,0.425,0.15,0.844,0.3645,0.185,0.2705
0.57,0.42,0.16,0.8875,0.4315,0.1915,0.223
0.45,0.345,0.12,0.4165,0.1655,0.095,0.135
0.675,0.525,0.17,1.8095,0.784,0.391,0.455
0.645,0.49,0.19,1.3065,0.479,0.3565,0.345
0.73,0.58,0.19,1.7375,0.6785,0.4345,0.52
0.565,0.455,0.175,1.013,0.342,0.207,0.35
0.51,0.395,0.12,0.6175,0.262,0.122,0.193
0.575,0.46,0.165,1.065,0.4985,0.2145,0.2815
0.6,0.475,0.17,1.088,0.4905,0.2475,0.31
0.595,0.455,0.14,0.914,0.3895,0.2225,0.271
0.665,0.505,0.165,1.349,0.5985,0.3175,0.36
0.585,0.46,0.165,1.058,0.486,0.25,0.294
